p2pWorlds,f2pWorlds
309,326
310,335
311,371
312,380
313,382
314,383
315,384
317,394
320,397
321,398
322,399
323,417
324,418
325,430
327,431
328,433
329,434
331,435
332,436
333,437
334,451
336,452
337,453
338,454
339,455
340,456
341,469
342,470
343,471
344,475
346,476
347,483
348,497
350,498
351,499
352,500
354,501
355,537
356,542
357,543
358,544
359,545
360,546
362,547
367,552
368,553
370,554
374,555
375,556
376,557
377,562
378,563
386,571
387,575
388,
389,
390,
395,
421,
422,
424,
425,
441,
443,
444,
445,
446,
459,
463,
464,
465,
466,
477,
478,
480,
481,
482,
484,
485,
486,
487,
488,
489,
490,
491,
492,
493,
494,
495,
496,
505,
506,
507,
508,
509,
510,
511,
512,
513,
514,
515,
516,
517,
518,
519,
520,
521,
522,
523,
524,
525,
521,
532,
534,
535,
559,